-- ============================================
-- Datos de ejemplo: 6 meses de actividad (ene-jun 2025)
-- ============================================

INSERT INTO categories (category_id, category_name) VALUES
(1, 'Electrónica'),
(2, 'Ropa'),
(3, 'Hogar'),
(4, 'Deportes'),
(5, 'Libros'),
(6, 'Belleza');

INSERT INTO customers (customer_id, customer_name, email, city, country, signup_date) VALUES
(1, 'Ana García', 'ana.garcía1@mail.com', 'Lima', 'Perú', '2024-10-29'),
(2, 'Luis Pérez', 'luis.pérez2@mail.com', 'Medellín', 'Colombia', '2024-12-10'),
(3, 'María Rodríguez', 'maría.rodríguez3@mail.com', 'Bogotá', 'Colombia', '2024-11-27'),
(4, 'Carlos Gómez', 'carlos.gómez4@mail.com', 'Bogotá', 'Colombia', '2024-10-27'),
(5, 'Laura Fernández', 'laura.fernández5@mail.com', 'Lima', 'Perú', '2025-02-17'),
(6, 'Diego Martínez', 'diego.martínez6@mail.com', 'Medellín', 'Colombia', '2025-01-17'),
(7, 'Sofía López', 'sofía.lópez7@mail.com', 'Medellín', 'Colombia', '2024-10-08'),
(8, 'Andrés Torres', 'andrés.torres8@mail.com', 'Medellín', 'Colombia', '2024-11-25'),
(9, 'Valentina Díaz', 'valentina.díaz9@mail.com', 'Bogotá', 'Colombia', '2025-02-07'),
(10, 'Julián Ramírez', 'julián.ramírez10@mail.com', 'Buenos Aires', 'Argentina', '2024-10-07'),
(11, 'Camila Herrera', 'camila.herrera11@mail.com', 'Buenos Aires', 'Argentina', '2024-11-20'),
(12, 'Santiago Ruiz', 'santiago.ruiz12@mail.com', 'Lima', 'Perú', '2025-02-17'),
(13, 'Isabella Castro', 'isabella.castro13@mail.com', 'Ciudad de México', 'México', '2024-11-26'),
(14, 'Mateo Vargas', 'mateo.vargas14@mail.com', 'Ciudad de México', 'México', '2025-02-28'),
(15, 'Daniela Ortiz', 'daniela.ortiz15@mail.com', 'Cali', 'Colombia', '2024-10-02'),
(16, 'Felipe Silva', 'felipe.silva16@mail.com', 'Santiago', 'Chile', '2024-11-10'),
(17, 'Gabriela Rojas', 'gabriela.rojas17@mail.com', 'Lima', 'Perú', '2025-01-17'),
(18, 'Sebastián Moreno', 'sebastián.moreno18@mail.com', 'Cali', 'Colombia', '2024-12-11'),
(19, 'Natalia Cruz', 'natalia.cruz19@mail.com', 'Bogotá', 'Colombia', '2024-11-25'),
(20, 'Tomás Suárez', 'tomás.suárez20@mail.com', 'Santiago', 'Chile', '2024-12-26');

INSERT INTO products (product_id, product_name, category_id, price, cost) VALUES
(1, 'Auriculares Bluetooth', 1, 45.00, 20.00),
(2, 'Smartwatch', 1, 120.00, 60.00),
(3, 'Cargador USB-C', 1, 15.00, 5.00),
(4, 'Mouse Inalámbrico', 1, 25.00, 10.00),
(5, 'Camiseta Básica', 2, 18.00, 6.00),
(6, 'Jean Slim Fit', 2, 55.00, 22.00),
(7, 'Chaqueta Impermeable', 2, 89.00, 35.00),
(8, 'Zapatillas Urbanas', 2, 75.00, 30.00),
(9, 'Set de Sábanas', 3, 40.00, 15.00),
(10, 'Lámpara LED', 3, 22.00, 8.00),
(11, 'Organizador de Cocina', 3, 30.00, 12.00),
(12, 'Balón de Fútbol', 4, 28.00, 10.00),
(13, 'Mancuernas 5kg', 4, 35.00, 14.00),
(14, 'Colchoneta Yoga', 4, 24.00, 9.00),
(15, 'Novela Best Seller', 5, 16.00, 6.00),
(16, 'Libro de Cocina', 5, 20.00, 8.00),
(17, 'Crema Facial', 6, 26.00, 9.00),
(18, 'Set de Maquillaje', 6, 48.00, 18.00),
(19, 'Perfume 50ml', 6, 65.00, 25.00);

INSERT INTO orders (order_id, customer_id, order_date, status) VALUES
(1, 4, '2025-01-24', 'completado'),
(2, 20, '2025-03-09', 'completado'),
(3, 12, '2025-04-07', 'pendiente'),
(4, 8, '2025-03-16', 'completado'),
(5, 12, '2025-03-30', 'completado'),
(6, 18, '2025-03-04', 'completado'),
(7, 13, '2025-03-10', 'completado'),
(8, 16, '2025-04-12', 'pendiente'),
(9, 19, '2025-04-20', 'cancelado'),
(10, 6, '2025-05-05', 'cancelado'),
(11, 20, '2025-04-30', 'cancelado'),
(12, 11, '2025-01-29', 'completado'),
(13, 10, '2025-06-13', 'cancelado'),
(14, 17, '2025-01-17', 'cancelado'),
(15, 2, '2025-03-03', 'cancelado'),
(16, 16, '2025-01-18', 'cancelado'),
(17, 9, '2025-06-22', 'cancelado'),
(18, 15, '2025-05-13', 'completado'),
(19, 3, '2025-03-28', 'completado'),
(20, 2, '2025-02-28', 'completado'),
(21, 17, '2025-03-18', 'completado'),
(22, 4, '2025-01-25', 'pendiente'),
(23, 4, '2025-01-16', 'completado'),
(24, 5, '2025-06-05', 'completado'),
(25, 2, '2025-06-16', 'cancelado'),
(26, 6, '2025-05-01', 'completado'),
(27, 15, '2025-03-15', 'completado'),
(28, 2, '2025-03-22', 'completado'),
(29, 17, '2025-06-01', 'completado'),
(30, 6, '2025-02-03', 'cancelado'),
(31, 4, '2025-05-26', 'completado'),
(32, 19, '2025-05-25', 'cancelado'),
(33, 5, '2025-05-04', 'completado'),
(34, 3, '2025-05-18', 'completado'),
(35, 6, '2025-05-09', 'cancelado'),
(36, 9, '2025-03-08', 'completado'),
(37, 11, '2025-02-22', 'pendiente'),
(38, 14, '2025-06-14', 'completado'),
(39, 5, '2025-04-25', 'completado'),
(40, 2, '2025-04-05', 'cancelado'),
(41, 12, '2025-02-27', 'completado'),
(42, 14, '2025-05-18', 'pendiente'),
(43, 1, '2025-02-15', 'pendiente'),
(44, 13, '2025-01-10', 'completado'),
(45, 8, '2025-02-27', 'completado'),
(46, 9, '2025-05-07', 'pendiente'),
(47, 2, '2025-01-28', 'cancelado'),
(48, 2, '2025-04-22', 'completado'),
(49, 11, '2025-06-09', 'completado'),
(50, 10, '2025-06-20', 'completado'),
(51, 13, '2025-06-23', 'pendiente'),
(52, 1, '2025-03-19', 'completado'),
(53, 15, '2025-06-22', 'completado'),
(54, 8, '2025-02-20', 'completado'),
(55, 16, '2025-06-06', 'completado'),
(56, 1, '2025-01-28', 'completado'),
(57, 18, '2025-03-05', 'completado'),
(58, 14, '2025-06-14', 'cancelado'),
(59, 16, '2025-06-10', 'completado'),
(60, 11, '2025-05-19', 'completado'),
(61, 5, '2025-04-12', 'completado'),
(62, 19, '2025-06-28', 'completado'),
(63, 18, '2025-06-04', 'completado'),
(64, 13, '2025-02-12', 'completado'),
(65, 19, '2025-06-19', 'completado'),
(66, 15, '2025-02-16', 'completado'),
(67, 13, '2025-03-13', 'completado'),
(68, 12, '2025-04-15', 'pendiente'),
(69, 8, '2025-02-21', 'completado'),
(70, 4, '2025-05-25', 'completado'),
(71, 1, '2025-03-21', 'cancelado'),
(72, 20, '2025-01-31', 'cancelado'),
(73, 14, '2025-05-23', 'completado'),
(74, 11, '2025-01-04', 'completado'),
(75, 17, '2025-03-27', 'cancelado'),
(76, 8, '2025-04-29', 'cancelado'),
(77, 9, '2025-05-05', 'completado'),
(78, 14, '2025-05-01', 'cancelado'),
(79, 3, '2025-03-17', 'completado'),
(80, 18, '2025-03-26', 'completado'),
(81, 4, '2025-05-18', 'pendiente'),
(82, 9, '2025-06-21', 'cancelado'),
(83, 10, '2025-01-04', 'pendiente'),
(84, 10, '2025-06-28', 'completado'),
(85, 2, '2025-03-06', 'completado'),
(86, 16, '2025-01-19', 'cancelado'),
(87, 19, '2025-03-19', 'completado'),
(88, 20, '2025-06-08', 'completado'),
(89, 20, '2025-01-26', 'completado'),
(90, 6, '2025-06-07', 'completado'),
(91, 20, '2025-05-01', 'completado'),
(92, 10, '2025-06-29', 'completado'),
(93, 19, '2025-06-19', 'completado'),
(94, 6, '2025-04-05', 'cancelado'),
(95, 13, '2025-03-11', 'cancelado'),
(96, 1, '2025-01-24', 'completado'),
(97, 2, '2025-02-14', 'completado'),
(98, 11, '2025-03-24', 'pendiente'),
(99, 14, '2025-05-27', 'completado'),
(100, 9, '2025-04-30', 'completado'),
(101, 20, '2025-05-08', 'pendiente'),
(102, 4, '2025-01-08', 'pendiente'),
(103, 18, '2025-04-15', 'completado'),
(104, 5, '2025-06-24', 'pendiente'),
(105, 15, '2025-05-22', 'completado'),
(106, 9, '2025-02-07', 'completado'),
(107, 12, '2025-05-13', 'cancelado'),
(108, 2, '2025-03-23', 'pendiente'),
(109, 11, '2025-01-26', 'completado'),
(110, 1, '2025-02-06', 'completado'),
(111, 20, '2025-06-27', 'completado'),
(112, 18, '2025-04-08', 'completado'),
(113, 3, '2025-04-22', 'completado'),
(114, 10, '2025-01-08', 'completado'),
(115, 8, '2025-05-16', 'completado'),
(116, 13, '2025-06-08', 'pendiente'),
(117, 9, '2025-06-04', 'completado'),
(118, 18, '2025-02-10', 'completado'),
(119, 16, '2025-01-28', 'completado'),
(120, 1, '2025-05-25', 'pendiente'),
(121, 8, '2025-06-05', 'completado'),
(122, 5, '2025-03-13', 'pendiente'),
(123, 2, '2025-05-29', 'completado'),
(124, 14, '2025-03-22', 'completado'),
(125, 9, '2025-03-21', 'completado'),
(126, 13, '2025-05-23', 'completado'),
(127, 9, '2025-06-24', 'completado'),
(128, 1, '2025-06-08', 'cancelado'),
(129, 14, '2025-03-14', 'completado'),
(130, 16, '2025-01-30', 'completado'),
(131, 12, '2025-06-04', 'cancelado'),
(132, 14, '2025-06-28', 'completado'),
(133, 15, '2025-04-24', 'completado'),
(134, 7, '2025-02-01', 'completado'),
(135, 20, '2025-01-06', 'completado'),
(136, 19, '2025-02-25', 'completado'),
(137, 9, '2025-03-23', 'completado'),
(138, 12, '2025-04-18', 'cancelado'),
(139, 14, '2025-05-06', 'completado'),
(140, 12, '2025-06-28', 'cancelado'),
(141, 8, '2025-06-07', 'completado'),
(142, 4, '2025-05-06', 'pendiente'),
(143, 19, '2025-05-21', 'pendiente'),
(144, 14, '2025-03-12', 'pendiente'),
(145, 7, '2025-04-21', 'completado'),
(146, 14, '2025-06-01', 'completado'),
(147, 16, '2025-01-18', 'completado'),
(148, 4, '2025-04-06', 'completado'),
(149, 18, '2025-03-26', 'pendiente'),
(150, 14, '2025-06-19', 'pendiente');

INSERT INTO order_items (order_item_id, order_id, product_id, quantity, unit_price) VALUES
(1, 1, 12, 2, 28.00),
(2, 2, 18, 3, 48.00),
(3, 2, 4, 2, 25.00),
(4, 2, 13, 3, 35.00),
(5, 2, 3, 3, 15.00),
(6, 3, 2, 3, 120.00),
(7, 4, 4, 2, 25.00),
(8, 4, 13, 2, 35.00),
(9, 5, 7, 3, 89.00),
(10, 5, 9, 3, 40.00),
(11, 5, 3, 1, 15.00),
(12, 6, 13, 1, 35.00),
(13, 6, 9, 1, 40.00),
(14, 6, 8, 1, 75.00),
(15, 6, 11, 2, 30.00),
(16, 7, 19, 1, 65.00),
(17, 7, 11, 3, 30.00),
(18, 8, 5, 3, 18.00),
(19, 8, 9, 3, 40.00),
(20, 8, 19, 3, 65.00),
(21, 8, 8, 2, 75.00),
(22, 9, 12, 1, 28.00),
(23, 9, 8, 1, 75.00),
(24, 9, 5, 1, 18.00),
(25, 9, 16, 1, 20.00),
(26, 10, 13, 2, 35.00),
(27, 11, 18, 3, 48.00),
(28, 11, 1, 3, 45.00),
(29, 11, 4, 2, 25.00),
(30, 12, 6, 3, 55.00),
(31, 12, 15, 1, 16.00),
(32, 12, 1, 3, 45.00),
(33, 12, 9, 1, 40.00),
(34, 13, 5, 1, 18.00),
(35, 13, 12, 3, 28.00),
(36, 14, 16, 2, 20.00),
(37, 14, 1, 2, 45.00),
(38, 14, 4, 1, 25.00),
(39, 15, 3, 3, 15.00),
(40, 16, 5, 3, 18.00),
(41, 16, 16, 1, 20.00),
(42, 17, 7, 2, 89.00),
(43, 17, 18, 3, 48.00),
(44, 17, 19, 3, 65.00),
(45, 17, 10, 2, 22.00),
(46, 18, 8, 1, 75.00),
(47, 19, 19, 1, 65.00),
(48, 19, 8, 1, 75.00),
(49, 20, 11, 1, 30.00),
(50, 21, 7, 1, 89.00),
(51, 21, 18, 2, 48.00),
(52, 21, 5, 2, 18.00),
(53, 21, 16, 1, 20.00),
(54, 22, 12, 3, 28.00),
(55, 22, 14, 1, 24.00),
(56, 22, 18, 3, 48.00),
(57, 22, 15, 3, 16.00),
(58, 23, 4, 1, 25.00),
(59, 23, 8, 3, 75.00),
(60, 23, 7, 2, 89.00),
(61, 24, 15, 2, 16.00),
(62, 24, 8, 3, 75.00),
(63, 24, 3, 1, 15.00),
(64, 25, 3, 1, 15.00),
(65, 26, 7, 2, 89.00),
(66, 26, 13, 1, 35.00),
(67, 26, 2, 2, 120.00),
(68, 26, 6, 2, 55.00),
(69, 27, 5, 1, 18.00),
(70, 27, 7, 3, 89.00),
(71, 27, 10, 3, 22.00),
(72, 27, 18, 3, 48.00),
(73, 28, 19, 2, 65.00),
(74, 29, 17, 1, 26.00),
(75, 30, 8, 2, 75.00),
(76, 31, 3, 2, 15.00),
(77, 32, 9, 1, 40.00),
(78, 32, 7, 2, 89.00),
(79, 32, 11, 2, 30.00),
(80, 33, 3, 3, 15.00),
(81, 33, 1, 3, 45.00),
(82, 33, 15, 1, 16.00),
(83, 34, 5, 1, 18.00),
(84, 34, 12, 2, 28.00),
(85, 34, 3, 2, 15.00),
(86, 35, 17, 3, 26.00),
(87, 35, 1, 1, 45.00),
(88, 35, 10, 1, 22.00),
(89, 36, 9, 3, 40.00),
(90, 36, 10, 1, 22.00),
(91, 37, 17, 1, 26.00),
(92, 37, 16, 1, 20.00),
(93, 37, 9, 3, 40.00),
(94, 38, 1, 2, 45.00),
(95, 39, 18, 1, 48.00),
(96, 39, 14, 3, 24.00),
(97, 39, 1, 1, 45.00),
(98, 39, 4, 3, 25.00),
(99, 40, 14, 1, 24.00),
(100, 40, 5, 2, 18.00),
(101, 41, 8, 2, 75.00),
(102, 41, 4, 3, 25.00),
(103, 42, 8, 1, 75.00),
(104, 42, 6, 2, 55.00),
(105, 43, 14, 1, 24.00),
(106, 43, 8, 3, 75.00),
(107, 43, 9, 1, 40.00),
(108, 44, 7, 2, 89.00),
(109, 44, 15, 2, 16.00),
(110, 45, 13, 2, 35.00),
(111, 45, 11, 1, 30.00),
(112, 46, 18, 2, 48.00),
(113, 46, 11, 1, 30.00),
(114, 46, 1, 3, 45.00),
(115, 46, 4, 2, 25.00),
(116, 47, 12, 2, 28.00),
(117, 47, 11, 3, 30.00),
(118, 47, 14, 1, 24.00),
(119, 47, 4, 2, 25.00),
(120, 48, 12, 1, 28.00),
(121, 48, 14, 3, 24.00),
(122, 49, 10, 3, 22.00),
(123, 50, 13, 1, 35.00),
(124, 50, 10, 2, 22.00),
(125, 50, 5, 3, 18.00),
(126, 51, 19, 2, 65.00),
(127, 51, 10, 3, 22.00),
(128, 52, 14, 2, 24.00),
(129, 52, 11, 2, 30.00),
(130, 53, 6, 1, 55.00),
(131, 53, 3, 1, 15.00),
(132, 53, 10, 3, 22.00),
(133, 53, 11, 2, 30.00),
(134, 54, 2, 1, 120.00),
(135, 55, 14, 2, 24.00),
(136, 55, 7, 1, 89.00),
(137, 55, 13, 1, 35.00),
(138, 55, 16, 3, 20.00),
(139, 56, 6, 2, 55.00),
(140, 56, 17, 1, 26.00),
(141, 57, 5, 2, 18.00),
(142, 57, 15, 3, 16.00),
(143, 57, 17, 3, 26.00),
(144, 57, 11, 3, 30.00),
(145, 58, 6, 1, 55.00),
(146, 58, 16, 3, 20.00),
(147, 58, 15, 2, 16.00),
(148, 58, 9, 3, 40.00),
(149, 59, 15, 1, 16.00),
(150, 59, 3, 2, 15.00),
(151, 59, 10, 2, 22.00),
(152, 60, 5, 2, 18.00),
(153, 60, 8, 3, 75.00),
(154, 61, 14, 1, 24.00),
(155, 61, 11, 1, 30.00),
(156, 61, 15, 2, 16.00),
(157, 61, 19, 2, 65.00),
(158, 62, 16, 2, 20.00),
(159, 62, 1, 2, 45.00),
(160, 62, 12, 3, 28.00),
(161, 62, 10, 3, 22.00),
(162, 63, 8, 1, 75.00),
(163, 63, 9, 2, 40.00),
(164, 63, 14, 2, 24.00),
(165, 63, 16, 3, 20.00),
(166, 64, 18, 2, 48.00),
(167, 64, 1, 3, 45.00),
(168, 65, 14, 1, 24.00),
(169, 66, 13, 2, 35.00),
(170, 66, 11, 2, 30.00),
(171, 66, 7, 2, 89.00),
(172, 67, 3, 3, 15.00),
(173, 67, 16, 3, 20.00),
(174, 67, 1, 1, 45.00),
(175, 68, 2, 1, 120.00),
(176, 69, 8, 2, 75.00),
(177, 69, 5, 3, 18.00),
(178, 70, 9, 1, 40.00),
(179, 70, 12, 2, 28.00),
(180, 70, 6, 1, 55.00),
(181, 70, 4, 3, 25.00),
(182, 71, 13, 1, 35.00),
(183, 71, 7, 3, 89.00),
(184, 71, 3, 2, 15.00),
(185, 71, 8, 3, 75.00),
(186, 72, 12, 3, 28.00),
(187, 73, 17, 3, 26.00),
(188, 74, 4, 3, 25.00),
(189, 74, 14, 1, 24.00),
(190, 74, 12, 2, 28.00),
(191, 74, 15, 1, 16.00),
(192, 75, 15, 1, 16.00),
(193, 75, 14, 1, 24.00),
(194, 75, 9, 2, 40.00),
(195, 75, 11, 2, 30.00),
(196, 76, 11, 1, 30.00),
(197, 76, 1, 2, 45.00),
(198, 76, 16, 1, 20.00),
(199, 76, 19, 2, 65.00),
(200, 77, 18, 1, 48.00),
(201, 77, 1, 1, 45.00),
(202, 77, 17, 1, 26.00),
(203, 78, 16, 2, 20.00),
(204, 78, 19, 1, 65.00),
(205, 79, 8, 3, 75.00),
(206, 79, 10, 3, 22.00),
(207, 79, 12, 2, 28.00),
(208, 79, 16, 2, 20.00),
(209, 80, 9, 1, 40.00),
(210, 80, 10, 3, 22.00),
(211, 80, 19, 1, 65.00),
(212, 80, 8, 2, 75.00),
(213, 81, 7, 3, 89.00),
(214, 81, 19, 2, 65.00),
(215, 82, 4, 1, 25.00),
(216, 82, 7, 2, 89.00),
(217, 82, 10, 1, 22.00),
(218, 83, 9, 1, 40.00),
(219, 83, 2, 3, 120.00),
(220, 84, 4, 2, 25.00),
(221, 84, 1, 2, 45.00),
(222, 84, 10, 2, 22.00),
(223, 84, 16, 1, 20.00),
(224, 85, 3, 2, 15.00),
(225, 86, 5, 1, 18.00),
(226, 87, 4, 2, 25.00),
(227, 87, 18, 3, 48.00),
(228, 88, 15, 2, 16.00),
(229, 88, 19, 3, 65.00),
(230, 88, 10, 3, 22.00),
(231, 88, 14, 1, 24.00),
(232, 89, 9, 1, 40.00),
(233, 89, 3, 1, 15.00),
(234, 90, 1, 2, 45.00),
(235, 90, 14, 3, 24.00),
(236, 91, 8, 2, 75.00),
(237, 92, 8, 2, 75.00),
(238, 93, 4, 2, 25.00),
(239, 93, 18, 1, 48.00),
(240, 93, 8, 1, 75.00),
(241, 93, 5, 1, 18.00),
(242, 94, 15, 3, 16.00),
(243, 94, 4, 2, 25.00),
(244, 94, 19, 3, 65.00),
(245, 95, 15, 3, 16.00),
(246, 95, 3, 2, 15.00),
(247, 95, 2, 3, 120.00),
(248, 95, 14, 2, 24.00),
(249, 96, 9, 3, 40.00),
(250, 97, 9, 1, 40.00),
(251, 97, 6, 2, 55.00),
(252, 97, 14, 2, 24.00),
(253, 97, 16, 2, 20.00),
(254, 98, 6, 2, 55.00),
(255, 99, 13, 2, 35.00),
(256, 99, 18, 1, 48.00),
(257, 99, 2, 2, 120.00),
(258, 100, 17, 1, 26.00),
(259, 100, 1, 1, 45.00),
(260, 100, 15, 3, 16.00),
(261, 100, 14, 2, 24.00),
(262, 101, 2, 2, 120.00),
(263, 101, 7, 2, 89.00),
(264, 101, 9, 3, 40.00),
(265, 101, 5, 2, 18.00),
(266, 102, 6, 3, 55.00),
(267, 102, 10, 1, 22.00),
(268, 103, 4, 1, 25.00),
(269, 103, 15, 3, 16.00),
(270, 104, 17, 2, 26.00),
(271, 104, 9, 2, 40.00),
(272, 104, 14, 1, 24.00),
(273, 105, 7, 2, 89.00),
(274, 105, 17, 2, 26.00),
(275, 105, 5, 2, 18.00),
(276, 105, 3, 3, 15.00),
(277, 106, 19, 2, 65.00),
(278, 106, 16, 3, 20.00),
(279, 106, 5, 2, 18.00),
(280, 107, 15, 3, 16.00),
(281, 107, 11, 2, 30.00),
(282, 107, 7, 1, 89.00),
(283, 107, 8, 2, 75.00),
(284, 108, 13, 1, 35.00),
(285, 108, 19, 1, 65.00),
(286, 108, 5, 3, 18.00),
(287, 108, 16, 3, 20.00),
(288, 109, 17, 2, 26.00),
(289, 110, 3, 2, 15.00),
(290, 110, 16, 2, 20.00),
(291, 111, 11, 3, 30.00),
(292, 112, 18, 3, 48.00),
(293, 112, 2, 3, 120.00),
(294, 112, 3, 2, 15.00),
(295, 112, 8, 1, 75.00),
(296, 113, 15, 1, 16.00),
(297, 114, 2, 2, 120.00),
(298, 114, 10, 2, 22.00),
(299, 114, 12, 1, 28.00),
(300, 115, 6, 1, 55.00),
(301, 115, 19, 3, 65.00),
(302, 116, 16, 1, 20.00),
(303, 116, 5, 2, 18.00),
(304, 117, 15, 2, 16.00),
(305, 118, 12, 2, 28.00),
(306, 118, 10, 2, 22.00),
(307, 118, 14, 1, 24.00),
(308, 118, 9, 2, 40.00),
(309, 119, 19, 1, 65.00),
(310, 119, 12, 3, 28.00),
(311, 119, 10, 2, 22.00),
(312, 119, 17, 2, 26.00),
(313, 120, 16, 2, 20.00),
(314, 121, 7, 3, 89.00),
(315, 121, 9, 3, 40.00),
(316, 122, 10, 2, 22.00),
(317, 123, 3, 2, 15.00),
(318, 123, 10, 3, 22.00),
(319, 124, 18, 3, 48.00),
(320, 124, 12, 3, 28.00),
(321, 125, 10, 1, 22.00),
(322, 125, 11, 1, 30.00),
(323, 125, 4, 1, 25.00),
(324, 125, 15, 3, 16.00),
(325, 126, 13, 1, 35.00),
(326, 127, 12, 1, 28.00),
(327, 127, 9, 3, 40.00),
(328, 127, 13, 1, 35.00),
(329, 127, 19, 2, 65.00),
(330, 128, 8, 3, 75.00),
(331, 128, 3, 2, 15.00),
(332, 128, 15, 3, 16.00),
(333, 129, 2, 2, 120.00),
(334, 130, 18, 2, 48.00),
(335, 130, 5, 2, 18.00),
(336, 131, 14, 2, 24.00),
(337, 131, 4, 3, 25.00),
(338, 132, 12, 1, 28.00),
(339, 133, 4, 1, 25.00),
(340, 133, 12, 2, 28.00),
(341, 133, 18, 2, 48.00),
(342, 134, 7, 3, 89.00),
(343, 135, 8, 1, 75.00),
(344, 135, 5, 3, 18.00),
(345, 135, 7, 1, 89.00),
(346, 136, 5, 1, 18.00),
(347, 136, 1, 1, 45.00),
(348, 136, 9, 3, 40.00),
(349, 137, 5, 1, 18.00),
(350, 138, 1, 1, 45.00),
(351, 138, 6, 1, 55.00),
(352, 138, 9, 3, 40.00),
(353, 139, 16, 2, 20.00),
(354, 140, 15, 3, 16.00),
(355, 141, 15, 2, 16.00),
(356, 141, 1, 2, 45.00),
(357, 141, 2, 2, 120.00),
(358, 142, 3, 1, 15.00),
(359, 142, 19, 1, 65.00),
(360, 142, 11, 2, 30.00),
(361, 142, 5, 3, 18.00),
(362, 143, 13, 2, 35.00),
(363, 143, 17, 3, 26.00),
(364, 143, 10, 3, 22.00),
(365, 144, 18, 3, 48.00),
(366, 145, 14, 2, 24.00),
(367, 145, 11, 2, 30.00),
(368, 146, 14, 2, 24.00),
(369, 146, 11, 1, 30.00),
(370, 146, 9, 3, 40.00),
(371, 147, 3, 2, 15.00),
(372, 148, 19, 3, 65.00),
(373, 149, 14, 2, 24.00),
(374, 150, 10, 3, 22.00);
